-- MySQL Administrator dump 1.4
--
-- ------------------------------------------------------
-- Server version	5.5.27


/*!40101 SET @OLD_CHARACTER_SET_CLIENT=@@CHARACTER_SET_CLIENT */;
/*!40101 SET @OLD_CHARACTER_SET_RESULTS=@@CHARACTER_SET_RESULTS */;
/*!40101 SET @OLD_COLLATION_CONNECTION=@@COLLATION_CONNECTION */;
/*!40101 SET NAMES utf8 */;

/*!40014 SET @OLD_UNIQUE_CHECKS=@@UNIQUE_CHECKS, UNIQUE_CHECKS=0 */;
/*!40014 SET @OLD_FOREIGN_KEY_CHECKS=@@FOREIGN_KEY_CHECKS, FOREIGN_KEY_CHECKS=0 */;
/*!40101 SET @OLD_SQL_MODE=@@SQL_MODE, SQL_MODE='NO_AUTO_VALUE_ON_ZERO' */;


--
-- Create schema click_buff_db
--

CREATE DATABASE IF NOT EXISTS click_buff_db;
USE click_buff_db;

--
-- Definition of table `ad`
--

DROP TABLE IF EXISTS `ad`;
CREATE TABLE `ad` (
  `AD_ID` int(11) NOT NULL AUTO_INCREMENT,
  `TITLE` varchar(255) DEFAULT NULL,
  `DATE_ADDED` datetime DEFAULT NULL,
  `DETAILED_DESCRIPTION` tinyblob,
  `DATE_LAST_UPDATED` datetime DEFAULT NULL,
  `SMALL_DESCRIPTION` tinyblob,
  PRIMARY KEY (`AD_ID`)
) ENGINE=InnoDB DEFAULT CHARSET=latin1;

--
-- Dumping data for table `ad`
--

/*!40000 ALTER TABLE `ad` DISABLE KEYS */;
/*!40000 ALTER TABLE `ad` ENABLE KEYS */;


--
-- Definition of table `ad_image_names`
--

DROP TABLE IF EXISTS `ad_image_names`;
CREATE TABLE `ad_image_names` (
  `IMAGE_ID` int(11) NOT NULL AUTO_INCREMENT,
  `IMAGE_NAME` varchar(255) DEFAULT NULL,
  `AD_ID` int(11) DEFAULT NULL,
  PRIMARY KEY (`IMAGE_ID`),
  KEY `FKDBC025088FE93FE7` (`IMAGE_ID`),
  KEY `FKDBC02508C8AB881F` (`AD_ID`),
  CONSTRAINT `FKDBC025088FE93FE7` FOREIGN KEY (`IMAGE_ID`) REFERENCES `ad` (`AD_ID`),
  CONSTRAINT `FKDBC02508C8AB881F` FOREIGN KEY (`AD_ID`) REFERENCES `ad` (`AD_ID`)
) ENGINE=InnoDB DEFAULT CHARSET=latin1;

--
-- Dumping data for table `ad_image_names`
--

/*!40000 ALTER TABLE `ad_image_names` DISABLE KEYS */;
/*!40000 ALTER TABLE `ad_image_names` ENABLE KEYS */;


--
-- Definition of table `authorities`
--

DROP TABLE IF EXISTS `authorities`;
CREATE TABLE `authorities` (
  `AUTHORITY_ID` int(11) NOT NULL AUTO_INCREMENT,
  `AUTHORITY` int(11) DEFAULT NULL,
  `USER_ID` int(11) DEFAULT NULL,
  PRIMARY KEY (`AUTHORITY_ID`),
  KEY `FKAB62A70187E149DF` (`USER_ID`),
  CONSTRAINT `FKAB62A70187E149DF` FOREIGN KEY (`USER_ID`) REFERENCES `users` (`USER_ID`)
) ENGINE=InnoDB AUTO_INCREMENT=21 DEFAULT CHARSET=latin1;

--
-- Dumping data for table `authorities`
--

/*!40000 ALTER TABLE `authorities` DISABLE KEYS */;
INSERT INTO `authorities` (`AUTHORITY_ID`,`AUTHORITY`,`USER_ID`) VALUES 
 (1,0,1),
 (2,1,2),
 (3,1,3),
 (4,1,4),
 (5,1,5),
 (6,1,6),
 (7,1,7),
 (8,1,8),
 (9,1,9),
 (10,1,10),
 (11,1,11),
 (12,1,12),
 (13,1,13),
 (14,1,14),
 (15,1,15),
 (16,1,16),
 (17,1,17),
 (18,1,18),
 (19,1,19),
 (20,1,20);
/*!40000 ALTER TABLE `authorities` ENABLE KEYS */;


--
-- Definition of table `categories`
--

DROP TABLE IF EXISTS `categories`;
CREATE TABLE `categories` (
  `CATEGORY_ID` int(11) NOT NULL AUTO_INCREMENT,
  `CATEGORY_NAME` varchar(255) DEFAULT NULL,
  PRIMARY KEY (`CATEGORY_ID`)
) ENGINE=InnoDB DEFAULT CHARSET=latin1;

--
-- Dumping data for table `categories`
--

/*!40000 ALTER TABLE `categories` DISABLE KEYS */;
/*!40000 ALTER TABLE `categories` ENABLE KEYS */;


--
-- Definition of table `group_authorities`
--

DROP TABLE IF EXISTS `group_authorities`;
CREATE TABLE `group_authorities` (
  `GROUP_AUTHORITY_ID` int(11) NOT NULL AUTO_INCREMENT,
  `AUTHORITY` varchar(255) DEFAULT NULL,
  `USER_GROUP_ID` int(11) DEFAULT NULL,
  PRIMARY KEY (`GROUP_AUTHORITY_ID`),
  KEY `FK68706D21B85A5D5E` (`USER_GROUP_ID`),
  CONSTRAINT `FK68706D21B85A5D5E` FOREIGN KEY (`USER_GROUP_ID`) REFERENCES `user_groups` (`USER_GROUP_ID`)
) ENGINE=InnoDB DEFAULT CHARSET=latin1;

--
-- Dumping data for table `group_authorities`
--

/*!40000 ALTER TABLE `group_authorities` DISABLE KEYS */;
/*!40000 ALTER TABLE `group_authorities` ENABLE KEYS */;


--
-- Definition of table `group_members`
--

DROP TABLE IF EXISTS `group_members`;
CREATE TABLE `group_members` (
  `GROUP_MEMBER_ID` int(11) NOT NULL AUTO_INCREMENT,
  `USER_ID` int(11) DEFAULT NULL,
  `USER_GROUP_ID` int(11) DEFAULT NULL,
  PRIMARY KEY (`GROUP_MEMBER_ID`),
  KEY `FKF1802B1987E149DF` (`USER_ID`),
  KEY `FKF1802B19B85A5D5E` (`USER_GROUP_ID`),
  CONSTRAINT `FKF1802B1987E149DF` FOREIGN KEY (`USER_ID`) REFERENCES `users` (`USER_ID`),
  CONSTRAINT `FKF1802B19B85A5D5E` FOREIGN KEY (`USER_GROUP_ID`) REFERENCES `user_groups` (`USER_GROUP_ID`)
) ENGINE=InnoDB DEFAULT CHARSET=latin1;

--
-- Dumping data for table `group_members`
--

/*!40000 ALTER TABLE `group_members` DISABLE KEYS */;
/*!40000 ALTER TABLE `group_members` ENABLE KEYS */;


--
-- Definition of table `message_table`
--

DROP TABLE IF EXISTS `message_table`;
CREATE TABLE `message_table` (
  `MSG_ID` int(11) NOT NULL AUTO_INCREMENT,
  `IS_SHOWN_TO_RECEIVER` tinyint(1) DEFAULT NULL,
  `IS_SHOWN_TO_SENDER` tinyint(1) DEFAULT NULL,
  `IS_UNREAD` tinyint(1) DEFAULT NULL,
  `ORG_MSG` tinyblob,
  `MSG_DATETIME` datetime DEFAULT NULL,
  `RECEIVER` int(11) DEFAULT NULL,
  `SENDER` int(11) DEFAULT NULL,
  PRIMARY KEY (`MSG_ID`),
  KEY `FKA7FC69565AA67605` (`SENDER`),
  KEY `FKA7FC6956607245BF` (`RECEIVER`),
  CONSTRAINT `FKA7FC69565AA67605` FOREIGN KEY (`SENDER`) REFERENCES `users` (`USER_ID`),
  CONSTRAINT `FKA7FC6956607245BF` FOREIGN KEY (`RECEIVER`) REFERENCES `users` (`USER_ID`)
) ENGINE=InnoDB DEFAULT CHARSET=latin1;

--
-- Dumping data for table `message_table`
--

/*!40000 ALTER TABLE `message_table` DISABLE KEYS */;
/*!40000 ALTER TABLE `message_table` ENABLE KEYS */;


--
-- Definition of table `shop_image_names`
--

DROP TABLE IF EXISTS `shop_image_names`;
CREATE TABLE `shop_image_names` (
  `IMAGE_ID` int(11) NOT NULL AUTO_INCREMENT,
  `IMAGE_NAME` varchar(255) DEFAULT NULL,
  `SHOP_ID` int(11) DEFAULT NULL,
  PRIMARY KEY (`IMAGE_ID`),
  KEY `FKCC064B5B5D68D17A` (`IMAGE_ID`),
  KEY `FKCC064B5BBDA75FF` (`SHOP_ID`),
  CONSTRAINT `FKCC064B5B5D68D17A` FOREIGN KEY (`IMAGE_ID`) REFERENCES `shops` (`SHOP_ID`),
  CONSTRAINT `FKCC064B5BBDA75FF` FOREIGN KEY (`SHOP_ID`) REFERENCES `shops` (`SHOP_ID`)
) ENGINE=InnoDB AUTO_INCREMENT=7 DEFAULT CHARSET=latin1;

--
-- Dumping data for table `shop_image_names`
--

/*!40000 ALTER TABLE `shop_image_names` DISABLE KEYS */;
INSERT INTO `shop_image_names` (`IMAGE_ID`,`IMAGE_NAME`,`SHOP_ID`) VALUES 
 (3,'sfdsdfsdf',NULL),
 (4,'sfdsdfsdf',4),
 (5,'sfdsdfsdf',5),
 (6,'sfdsdfsdf',6);
/*!40000 ALTER TABLE `shop_image_names` ENABLE KEYS */;


--
-- Definition of table `shops`
--

DROP TABLE IF EXISTS `shops`;
CREATE TABLE `shops` (
  `SHOP_ID` int(11) NOT NULL AUTO_INCREMENT,
  `ADDED_DATE` datetime DEFAULT NULL,
  `SHOP_ADDRESS` varchar(255) DEFAULT NULL,
  `CLICKS` int(11) DEFAULT NULL,
  `AVAILABLE_ITEMS` varchar(255) DEFAULT NULL,
  `LAST_UPDATED` datetime DEFAULT NULL,
  `NAME_OF_SHOP` varchar(255) DEFAULT NULL,
  `OWNER_NAME` varchar(255) DEFAULT NULL,
  `CATEGORY_ID` int(11) DEFAULT NULL,
  PRIMARY KEY (`SHOP_ID`),
  KEY `FK4B38C1D4A294E7F` (`CATEGORY_ID`),
  CONSTRAINT `FK4B38C1D4A294E7F` FOREIGN KEY (`CATEGORY_ID`) REFERENCES `categories` (`CATEGORY_ID`)
) ENGINE=InnoDB AUTO_INCREMENT=7 DEFAULT CHARSET=latin1;

--
-- Dumping data for table `shops`
--

/*!40000 ALTER TABLE `shops` DISABLE KEYS */;
INSERT INTO `shops` (`SHOP_ID`,`ADDED_DATE`,`SHOP_ADDRESS`,`CLICKS`,`AVAILABLE_ITEMS`,`LAST_UPDATED`,`NAME_OF_SHOP`,`OWNER_NAME`,`CATEGORY_ID`) VALUES 
 (1,'2013-12-08 23:24:52',NULL,45,NULL,'2013-12-08 23:24:52',NULL,NULL,NULL),
 (3,'2013-12-08 23:31:03',NULL,45,NULL,'2013-12-08 23:31:03',NULL,NULL,NULL),
 (4,'2013-12-08 23:32:16',NULL,45,NULL,'2013-12-08 23:32:16',NULL,NULL,NULL),
 (5,'2013-12-08 23:33:57',NULL,45,NULL,'2013-12-08 23:33:57',NULL,NULL,NULL),
 (6,'2013-12-09 00:18:58',NULL,45,NULL,'2013-12-09 00:18:58',NULL,NULL,NULL);
/*!40000 ALTER TABLE `shops` ENABLE KEYS */;


--
-- Definition of table `user_details`
--

DROP TABLE IF EXISTS `user_details`;
CREATE TABLE `user_details` (
  `USER_DETAIL_ID` int(11) NOT NULL AUTO_INCREMENT,
  `ALT_EMAIL` varchar(255) DEFAULT NULL,
  `ALT_MOBILE` varchar(255) DEFAULT NULL,
  `BIRTH_DATE` datetime DEFAULT NULL,
  `EMAIL` varchar(255) DEFAULT NULL,
  `FAV_PASS_TIME` varchar(255) DEFAULT NULL,
  `HOBBY` varchar(255) DEFAULT NULL,
  `MOBILE` varchar(255) DEFAULT NULL,
  `NAME` varchar(255) DEFAULT NULL,
  `OCCUPATION` varchar(255) DEFAULT NULL,
  `CITY` varchar(255) DEFAULT NULL,
  `COUNTRY` varchar(255) DEFAULT NULL,
  `STATE` varchar(255) DEFAULT NULL,
  `STREET_ADDRESS` varchar(255) DEFAULT NULL,
  `ZIP` int(11) DEFAULT NULL,
  `AUTHORITY_ID` int(11) DEFAULT NULL,
  `FIRST_NAME` varchar(255) DEFAULT NULL,
  `GENDER` int(11) DEFAULT NULL,
  `LAST_NAME` varchar(255) DEFAULT NULL,
  PRIMARY KEY (`USER_DETAIL_ID`),
  KEY `FK3E0D0DAE130D51F5` (`AUTHORITY_ID`),
  CONSTRAINT `FK3E0D0DAE130D51F5` FOREIGN KEY (`AUTHORITY_ID`) REFERENCES `authorities` (`AUTHORITY_ID`)
) ENGINE=InnoDB AUTO_INCREMENT=21 DEFAULT CHARSET=latin1;

--
-- Dumping data for table `user_details`
--

/*!40000 ALTER TABLE `user_details` DISABLE KEYS */;
INSERT INTO `user_details` (`USER_DETAIL_ID`,`ALT_EMAIL`,`ALT_MOBILE`,`BIRTH_DATE`,`EMAIL`,`FAV_PASS_TIME`,`HOBBY`,`MOBILE`,`NAME`,`OCCUPATION`,`CITY`,`COUNTRY`,`STATE`,`STREET_ADDRESS`,`ZIP`,`AUTHORITY_ID`,`FIRST_NAME`,`GENDER`,`LAST_NAME`) VALUES 
 (1,'asdasdasd','45454',NULL,'asfasf',NULL,NULL,NULL,NULL,NULL,NULL,NULL,NULL,NULL,NULL,1,NULL,NULL,NULL),
 (2,'asdasdasd','45454',NULL,'asfasf',NULL,NULL,NULL,NULL,NULL,NULL,NULL,NULL,NULL,NULL,2,NULL,NULL,NULL),
 (3,'asdasdasd','45454',NULL,'asfasf',NULL,NULL,NULL,NULL,NULL,NULL,NULL,NULL,NULL,NULL,3,NULL,NULL,NULL),
 (4,'asdasdasd','45454',NULL,'asfasf',NULL,NULL,NULL,NULL,NULL,NULL,NULL,NULL,NULL,NULL,4,NULL,NULL,NULL),
 (5,'asdasdasd','45454',NULL,'asfasf',NULL,NULL,NULL,NULL,NULL,NULL,NULL,NULL,NULL,NULL,5,NULL,NULL,NULL),
 (6,'asdasdasd','45454',NULL,'asfasf',NULL,NULL,NULL,NULL,NULL,NULL,NULL,NULL,NULL,NULL,6,NULL,NULL,NULL),
 (7,'asdasdasd','45454',NULL,'asfasf',NULL,NULL,NULL,NULL,NULL,NULL,NULL,NULL,NULL,NULL,7,NULL,NULL,NULL),
 (8,'asdasdasd','45454',NULL,'asfasf',NULL,NULL,NULL,NULL,NULL,NULL,NULL,NULL,NULL,NULL,8,NULL,NULL,NULL),
 (9,'asdasdasd','45454',NULL,'asfasf',NULL,NULL,NULL,NULL,NULL,NULL,NULL,NULL,NULL,NULL,9,NULL,NULL,NULL),
 (10,'asdasdasd','45454',NULL,'asfasf',NULL,NULL,NULL,NULL,NULL,NULL,NULL,NULL,NULL,NULL,10,NULL,NULL,NULL),
 (11,'asdasdasd','45454',NULL,'asfasf',NULL,NULL,NULL,NULL,NULL,NULL,NULL,NULL,NULL,NULL,11,NULL,NULL,NULL),
 (12,'asdasdasd','45454',NULL,'asfasf',NULL,NULL,NULL,NULL,NULL,NULL,NULL,NULL,NULL,NULL,12,NULL,NULL,NULL),
 (13,'asdasdasd','45454',NULL,'asfasf',NULL,NULL,NULL,NULL,NULL,NULL,NULL,NULL,NULL,NULL,13,NULL,NULL,NULL),
 (14,'asdasdasd','45454',NULL,'asfasf',NULL,NULL,NULL,NULL,NULL,NULL,NULL,NULL,NULL,NULL,14,NULL,NULL,NULL),
 (15,'asdasdasd','45454',NULL,'asfasf',NULL,NULL,NULL,NULL,NULL,NULL,NULL,NULL,NULL,NULL,15,NULL,NULL,NULL),
 (16,'asdasdasd','45454',NULL,'asfasf',NULL,NULL,NULL,NULL,NULL,NULL,NULL,NULL,NULL,NULL,16,NULL,NULL,NULL),
 (17,'asdasdasd','45454',NULL,'asfasf',NULL,NULL,NULL,NULL,NULL,NULL,NULL,NULL,NULL,NULL,17,NULL,NULL,NULL),
 (18,'asdasdasd','45454',NULL,'asfasf',NULL,NULL,NULL,NULL,NULL,NULL,NULL,NULL,NULL,NULL,18,NULL,NULL,NULL),
 (19,'asdasdasd','45454',NULL,'asfasf',NULL,NULL,NULL,NULL,NULL,NULL,NULL,NULL,NULL,NULL,19,NULL,NULL,NULL),
 (20,'asdasdasd','45454',NULL,'asfasf',NULL,NULL,NULL,NULL,NULL,NULL,NULL,NULL,NULL,NULL,20,NULL,NULL,NULL);
/*!40000 ALTER TABLE `user_details` ENABLE KEYS */;


--
-- Definition of table `user_groups`
--

DROP TABLE IF EXISTS `user_groups`;
CREATE TABLE `user_groups` (
  `USER_GROUP_ID` int(11) NOT NULL AUTO_INCREMENT,
  `GROUP_NAME` varchar(255) DEFAULT NULL,
  PRIMARY KEY (`USER_GROUP_ID`)
) ENGINE=InnoDB DEFAULT CHARSET=latin1;

--
-- Dumping data for table `user_groups`
--

/*!40000 ALTER TABLE `user_groups` DISABLE KEYS */;
/*!40000 ALTER TABLE `user_groups` ENABLE KEYS */;


--
-- Definition of table `users`
--

DROP TABLE IF EXISTS `users`;
CREATE TABLE `users` (
  `USER_ID` int(11) NOT NULL AUTO_INCREMENT,
  `ENABLED` tinyint(1) DEFAULT NULL,
  `PASSWORD` varchar(255) DEFAULT NULL,
  `USER_NAME` varchar(255) DEFAULT NULL,
  PRIMARY KEY (`USER_ID`)
) ENGINE=InnoDB AUTO_INCREMENT=21 DEFAULT CHARSET=latin1;

--
-- Dumping data for table `users`
--

/*!40000 ALTER TABLE `users` DISABLE KEYS */;
INSERT INTO `users` (`USER_ID`,`ENABLED`,`PASSWORD`,`USER_NAME`) VALUES 
 (1,1,'sdfsdf','bdghf'),
 (2,1,'sdfsdf','bdghf'),
 (3,1,'sdfsdf','bdghf'),
 (4,1,'sdfsdf','bdghf'),
 (5,1,'sdfsdf','bdghf'),
 (6,1,'sdfsdf','e'),
 (7,1,'sdfsdf','e'),
 (8,1,'sdfsdf','e'),
 (9,1,'sdfsdf','e'),
 (10,1,'sdfsdf','ee'),
 (11,1,'sdfsdf','ee'),
 (12,1,'sdfsdf','ee'),
 (13,1,'sdfsdf','ee'),
 (14,1,'sdfsdf','ee'),
 (15,1,'sdfsdf','ee'),
 (16,1,'sdfsdf','ee'),
 (17,1,'sdfsdf','ee'),
 (18,1,'sdfsdf','ee'),
 (19,1,'sdfsdf','ee'),
 (20,1,'sdfsdf','ee');
/*!40000 ALTER TABLE `users` ENABLE KEYS */;




/*!40101 SET SQL_MODE=@OLD_SQL_MODE */;
/*!40014 SET FOREIGN_KEY_CHECKS=@OLD_FOREIGN_KEY_CHECKS */;
/*!40014 SET UNIQUE_CHECKS=@OLD_UNIQUE_CHECKS */;
/*!40101 SET CHARACTER_SET_CLIENT=@OLD_CHARACTER_SET_CLIENT */;
/*!40101 SET CHARACTER_SET_RESULTS=@OLD_CHARACTER_SET_RESULTS */;
/*!40101 SET COLLATION_CONNECTION=@OLD_COLLATION_CONNECTION */;
/*!40101 SET CHARACTER_SET_CLIENT=@OLD_CHARACTER_SET_CLIENT */;
